Track ID,Track Name,Album Name,Artist Name(s),Release Date,Duration (ms),Popularity,Added By,Added At,Genres,Record Label,Danceability,Energy,Key,Loudness,Mode,Speechiness,Acousticness,Instrumentalness,Liveness,Valence,Tempo,Time Signature
3IHt4j5uAEl7iBu8Utn985,"Tried Our Best","For All The Dogs","Drake",2023-10-06,209990,66,pxrq4012xmdpp3xk99bz6u1pe,2024-04-14T07:38:12Z,"canadian hip hop,canadian pop,hip hop,pop rap,rap","OVO/Republic",0.57,0.295,8,-13.693,0,0.0445,0.837,0,0.167,0.231,84.139,3
43KDvvVHjDBtx8qD5hs5qH,"It's Crazy (feat. Melody)","Artist 2.0 (Deluxe)","A Boogie Wit da Hoodie,Melody",2020-06-19,135017,52,pxrq4012xmdpp3xk99bz6u1pe,2024-04-14T20:58:05Z,"melodic rap,rap,trap","Highbridge the Label / Atlantic Records",0.505,0.515,1,-7.096,0,0.0354,0.846,0.000298,0.329,0.608,110.307,3
3Vdu1sTIUi45NZvguJDmhk,"IN MY BAG (with tobi lou)","BOY OF THE YEAR","Warren Hue,tobi lou",2022-07-29,219676,11,pxrq4012xmdpp3xk99bz6u1pe,2024-04-15T18:45:00Z,"bedroom r&b,chicago rap,indie hip hop,indie r&b","88rising Music",0.705,0.731,3,-4.769,1,0.043,0.28,0,0.278,0.893,75.504,4
0AYt6NMyyLd0rLuvr0UkMH,"Slime You Out (feat. SZA)","For All The Dogs","Drake,SZA",2023-10-06,310490,66,pxrq4012xmdpp3xk99bz6u1pe,2024-04-15T22:10:07Z,"canadian hip hop,canadian pop,hip hop,pop rap,rap,pop,r&b","OVO/Republic",0.483,0.408,5,-9.243,0,0.0502,0.508,0,0.259,0.105,88.88,3
4kWO6O1BUXcZmaxitpVUwp,"Jackie Chan","Jackie Chan","Tiësto,Dzeko,Preme,Post Malone",2018-05-18,215759,65,pxrq4012xmdpp3xk99bz6u1pe,2024-04-20T18:27:37Z,"big room,brostep,dutch edm,edm,house,pop dance,progressive electro house,slap house,trance,canadian electronic,dutch house,electro house,pop edm,canadian hip hop,canadian trap,dfw rap,melodic rap,pop,rap","Universal Music, a division of Universal International Music BV",0.747,0.834,3,-2.867,0,0.045,0.374,0,0.0586,0.687,128.005,4
03eJ2DclFWXYU8GWgANdmZ,"bad vibes forever (feat. PnB Rock & Trippie Redd)","Bad Vibes Forever","XXXTENTACION,PnB Rock,Trippie Redd",2019-12-06,150475,75,pxrq4012xmdpp3xk99bz6u1pe,2024-04-20T18:59:22Z,"emo rap,miami hip hop,rap,melodic rap,trap","Bad Vibes Forever / EMPIRE",0.8,0.526,8,-5.153,1,0.0716,0.334,0.00174,0.0571,0.746,129.874,4
458EaCXcB9TRBoJEDVcdcr,"Strawberry Skies","Strawberry Skies","Kid Travis",2020-05-22,165333,53,pxrq4012xmdpp3xk99bz6u1pe,2024-04-20T20:52:37Z,"dark r&b","Groovie Gang Entertainment, under exclusive license to Amuseio AB",0.65,0.462,11,-6.587,0,0.089,0.366,0,0.159,0.649,89.887,4
1RMJOxR6GRPsBHL8qeC2ux,"Best Part (feat. H.E.R.)","Freudian","Daniel Caesar,H.E.R.",2017-08-25,209831,84,pxrq4012xmdpp3xk99bz6u1pe,2024-04-23T04:37:34Z,"canadian contemporary r&b,r&b,rap","Golden Child Recordings",0.524,0.364,7,-10.209,1,0.0367,0.808,0,0.1,0.436,75.24,4
0O6u0VJ46W86TxN9wgyqDj,"I Like You (A Happier Song) (with Doja Cat)","Twelve Carat Toothache","Post Malone,Doja Cat",2022-06-03,192840,75,pxrq4012xmdpp3xk99bz6u1pe,2024-04-30T20:38:25Z,"dfw rap,melodic rap,pop,rap,dance pop","Mercury Records/Republic Records",0.733,0.67,5,-6.009,1,0.0751,0.121,0,0.121,0.472,100.964,4
1oOEkBNp4zWnkD7nWjJdog,"Snow On Tha Bluff","Snow On Tha Bluff","J. Cole",2020-06-16,235480,62,pxrq4012xmdpp3xk99bz6u1pe,2024-05-02T08:02:41Z,"conscious hip hop,hip hop,north carolina hip hop,rap","Dreamville, Inc., Under exclusive license to Roc Nation Records",0.586,0.512,8,-8.819,0,0.0668,0.723,0.0002,0.119,0.235,75.857,4
748mdHapucXQri7IAO8yFK,"Kiss Me More (feat. SZA)","Kiss Me More (feat. SZA)","Doja Cat,SZA",2021-04-09,208866,71,pxrq4012xmdpp3xk99bz6u1pe,2024-05-11T01:33:45Z,"dance pop,pop,r&b,rap","Kemosabe Records/RCA Records",0.762,0.701,8,-3.541,1,0.0286,0.235,0.000158,0.123,0.742,110.968,4
2i2gDpKKWjvnRTOZRhaPh2,"Moonlight","Moonlight","Kali Uchis",2023-02-24,187557,74,pxrq4012xmdpp3xk99bz6u1pe,2024-05-11T03:43:13Z,"colombian pop","Geffen Records",0.64,0.719,7,-6.452,0,0.0516,0.477,0,0.16,0.889,136.79,4
36J0iaPDGbYGsHvYpaYs3k,"Down Bad (feat. JID, Bas, J. Cole, EARTHGANG & Young Nudy)","Revenge Of The Dreamers III","Dreamville,JID,Bas,J. Cole,EARTHGANG,Young Nudy",2019-07-05,169146,61,pxrq4012xmdpp3xk99bz6u1pe,2024-05-15T02:16:04Z,"hip hop,pop rap,rap,underground hip hop,queens hip hop,sudanese hip hop,sudanese pop,conscious hip hop,north carolina hip hop,atl hip hop,indie hip hop,psychedelic hip hop,pluggnb,southern hip hop,trap","Dreamville/Interscope Records",0.761,0.586,0,-5.368,1,0.359,0.0392,0,0.0558,0.719,149.804,4
0GlmITcWdqPhN5On9N4kZG,"Love Music","Love Music","Lil Yachty",2021-06-29,177959,24,pxrq4012xmdpp3xk99bz6u1pe,2024-06-02T02:27:21Z,"atl hip hop,melodic rap,rap,trap","Quality Control Music/Motown Records",0.73,0.702,7,-5.111,1,0.0894,0.739,0.00183,0.11,0.568,160.078,4
364dI1bYnvamSnBJ8JcNzN,"Intentions","Intentions","Justin Bieber,Quavo",2020-02-07,212868,65,pxrq4012xmdpp3xk99bz6u1pe,2024-06-02T07:19:12Z,"canadian pop,pop,atl hip hop,melodic rap,rap,trap","RBMG/Def Jam",0.811,0.553,9,-6.644,1,0.0552,0.317,0,0.105,0.86,148.014,4
6bsqes8Zg9gUULzuCkMUs0,"Woo Baby (feat. Chris Brown)","Faith (Deluxe)","Pop Smoke,Chris Brown",2021-07-31,156000,38,pxrq4012xmdpp3xk99bz6u1pe,2024-06-04T20:39:52Z,"brooklyn drill,hip hop,rap,r&b","Victor Victor Worldwide",0.563,0.672,9,-7.226,0,0.0765,0.359,0,0.0972,0.284,99.772,4
0fgZUSa7D7aVvv3GfO0A1n,"Post to Be (feat. Chris Brown & Jhene Aiko)","Sex Playlist","Omarion,Chris Brown,Jhené Aiko",2014-12-02,226580,68,pxrq4012xmdpp3xk99bz6u1pe,2024-06-07T20:16:40Z,"dance pop,hip pop,r&b,rap,southern hip hop,trap,urban contemporary","MMG/Atlantic",0.733,0.676,10,-5.655,0,0.0432,0.0697,0,0.208,0.701,97.448,4
6R7r9D8PQTijGlKbWgXhH7,"Drive Safe","The Sailor","Rich Brian",2019-07-26,240118,52,pxrq4012xmdpp3xk99bz6u1pe,2024-06-12T21:18:23Z,"indonesian hip hop","88rising Music",0.412,0.312,7,-8.123,1,0.0304,0.635,0,0.138,0.391,98.182,4
0Mrnt1YqVuW2bqmwu4VxDt,"Amen (feat. Teezo Touchdown)","For All The Dogs","Drake,Teezo Touchdown",2023-10-06,141212,59,pxrq4012xmdpp3xk99bz6u1pe,2024-06-20T19:41:18Z,"canadian hip hop,canadian pop,hip hop,pop rap,rap","OVO/Republic",0.646,0.605,0,-7.59,1,0.188,0.0636,0,0.253,0.309,90.156,3
3QzAOrNlsabgbMwlZt7TAY,"Ballin' (with Roddy Ricch)","Perfect Ten","Mustard,Roddy Ricch",2019-06-28,180434,73,pxrq4012xmdpp3xk99bz6u1pe,2024-06-20T19:41:25Z,"cali rap,pop rap,rap,southern hip hop,trap,melodic rap","10 Summers Records/Interscope Records",0.809,0.545,7,-6.678,1,0.0734,0.392,0,0.151,0.244,97.008,4
5fZJQrFKWQLb7FpJXZ1g7K,"A Bar Song (Tipsy)","Where I've Been, Isn't Where I'm Going","Shaboozey",2024-05-31,171291,83,pxrq4012xmdpp3xk99bz6u1pe,2024-06-20T19:41:29Z,"modern country pop,pop rap","American Dogwood / EMPIRE",0.722,0.706,9,-4.857,1,0.0292,0.072,0,0.067,0.599,80.969,4
0Ryd8975WihbObpp5cPW1t,"boyfriend (with Social House)","boyfriend","Ariana Grande,Social House",2019-08-02,186106,76,pxrq4012xmdpp3xk99bz6u1pe,2024-06-20T19:41:33Z,"pop","Republic Records",0.4,0.795,10,-3.731,0,0.461,0.119,0,0.159,0.702,190.097,4
01aTsQoKoeXofSTvKuunzv,"Lean On","Peace Is The Mission","Major Lazer,DJ Snake,MØ",2015-06-01,176561,73,pxrq4012xmdpp3xk99bz6u1pe,2024-06-20T19:41:41Z,"dance pop,edm,electro house,moombahton,pop,pop dance,electronic trap,danish pop,electropop","DML Music IP",0.723,0.809,7,-3.081,0,0.0625,0.00346,0.00123,0.565,0.274,98.007,4
1rfofaqEpACxVEHIZBJe6W,"Havana (feat. Young Thug)","Camila","Camila Cabello,Young Thug",2018-01-12,217306,80,pxrq4012xmdpp3xk99bz6u1pe,2024-06-20T19:41:50Z,"dance pop,pop,atl hip hop,atl trap,gangster rap,hip hop,melodic rap,rap,trap","Syco Music/Epic",0.765,0.523,2,-4.333,1,0.03,0.184,0.0000356,0.132,0.394,104.988,4
2oTFuT1tKLHlTJsnBSJJiN,"FTCU (feat. Travis Scott, Chris Brown & Sexyy Red) - SLEEZEMIX","FTCU (SLEEZEMIX)","Nicki Minaj,Travis Scott,Chris Brown,Sexyy Red",2024-04-19,239667,58,pxrq4012xmdpp3xk99bz6u1pe,2024-06-20T19:41:57Z,"hip pop,pop,queens hip hop,rap,slap house,r&b,trap queen","Republic Records",0.906,0.484,11,-6.679,1,0.369,0.0171,0.000263,0.143,0.432,145.037,4
5hM5arv9KDbCHS0k9uqwjr,"Borderline","The Slow Rush","Tame Impala",2020-02-14,237800,79,pxrq4012xmdpp3xk99bz6u1pe,2024-06-20T19:42:03Z,"australian psych,modern rock,neo-psychedelic,rock","Universal Music Australia Pty. Ltd.",0.621,0.873,5,-3.067,0,0.0369,0.0406,0.0000091,0.0824,0.873,97.96,4
6J9ULUfgdVZfWnofbtLkfh,"All My Life","WE STILL DON'T TRUST YOU","Future,Metro Boomin,Lil Baby",2024-04-12,190866,60,pxrq4012xmdpp3xk99bz6u1pe,2024-06-20T19:42:08Z,"atl hip hop,hip hop,rap,southern hip hop,trap,atl trap","Wilburn Holding Co./Boominati/Epic/Republic",0.828,0.623,2,-5.687,1,0.408,0.141,0.0000179,0.555,0.225,137.049,4
72TFWvU3wUYdUuxejTTIzt,"Work","ANTI (Deluxe)","Rihanna,Drake",2016-01-28,219320,76,pxrq4012xmdpp3xk99bz6u1pe,2024-06-20T19:42:27Z,"barbadian pop,pop,urban contemporary,canadian hip hop,canadian pop,hip hop,pop rap,rap","Roc Nation / Rihanna",0.723,0.534,11,-6.238,1,0.0891,0.0747,0,0.0919,0.551,91.974,4
2H2ytI7ompfNmRkI2sq8Uk,"I LUV IT (feat. Playboi Carti)","I LUV IT (feat. Playboi Carti)","Camila Cabello,Playboi Carti",2024-03-27,174880,66,pxrq4012xmdpp3xk99bz6u1pe,2024-06-20T19:42:30Z,"dance pop,pop,atl hip hop,plugg,pluggnb,rage rap,rap","Geffen/Interscope Records",0.618,0.793,5,-5.794,1,0.0506,0.0103,0.00463,0.235,0.198,75.524,4
0W4NhJhcqKCqEP2GIpDCDq,"Love","The Way It Is","Keyshia Cole",2005-01-01,255333,79,pxrq4012xmdpp3xk99bz6u1pe,2024-06-20T19:42:34Z,"hip pop,r&b,urban contemporary","A&M (UC)",0.688,0.518,5,-4.285,1,0.0283,0.0642,0,0.1,0.314,116.714,4
28drn6tQo95MRvO0jQEo5C,"Type Shit","WE DON'T TRUST YOU","Future,Metro Boomin,Travis Scott,Playboi Carti",2024-03-22,228266,83,pxrq4012xmdpp3xk99bz6u1pe,2024-06-20T19:42:38Z,"atl hip hop,hip hop,rap,southern hip hop,trap,slap house,plugg,pluggnb,rage rap","Wilburn Holding Co./Boominati/Epic/Republic",0.64,0.552,2,-5.679,1,0.129,0.0215,0,0.119,0.112,144.941,4
2HRgqmZQC0MC7GeNuDIXHN,"Seven (feat. Latto) (Explicit Ver.)","GOLDEN","Jung Kook,Latto",2023-11-03,183550,83,pxrq4012xmdpp3xk99bz6u1pe,2024-06-20T19:42:44Z,"k-pop,trap queen","BIGHIT MUSIC",0.79,0.831,11,-4.185,1,0.044,0.312,0,0.0797,0.872,124.987,4
3DFnLXa69NVlOjbhTbXXNn,"positions","Positions (Deluxe)","Ariana Grande",2021-02-19,172324,56,pxrq4012xmdpp3xk99bz6u1pe,2024-06-20T19:43:00Z,"pop","Republic Records",0.737,0.802,0,-4.771,1,0.0878,0.468,0,0.0931,0.682,144.015,4
6KIKaWKE9wV6mLjho3w61y,"worst behavior","Positions (Deluxe)","Ariana Grande",2021-02-19,124281,58,pxrq4012xmdpp3xk99bz6u1pe,2024-06-20T19:43:22Z,"pop","Republic Records",0.726,0.667,5,-5.956,0,0.0617,0.37,0,0.118,0.434,100.053,4
70XkGdEfN4RM7bEwaNaBao,"69 Camaro","SUGA","Kyle Dion",2019-03-08,154817,38,pxrq4012xmdpp3xk99bz6u1pe,2024-06-20T19:43:46Z,"alternative r&b","Kyle Dion",0.61,0.416,5,-7.357,1,0.0612,0.672,0,0.413,0.441,82.95,4
7BqBn9nzAq8spo5e7cZ0dJ,"Just the Way You Are","Doo-Wops & Hooligans","Bruno Mars",2010-05-11,220734,85,pxrq4012xmdpp3xk99bz6u1pe,2024-06-20T19:43:52Z,"dance pop,pop","Atlantic Records",0.635,0.841,5,-5.379,1,0.0422,0.0134,0,0.0622,0.424,109.021,4
76NX6bt1KCSg0yULpmlkyJ,"Like I Do (with sunkis)","Like I Do (with sunkis)","J.Tajor,sunkis",2024-01-12,149714,65,pxrq4012xmdpp3xk99bz6u1pe,2024-06-20T19:44:10Z,"bedroom r&b,chinese r&b","J.Tajor",0.788,0.47,9,-5.427,1,0.0412,0.67,0,0.107,0.701,104.988,4
7wdzLe2Gsx1RGqbvYZHASz,"i","i","Kendrick Lamar",2014-09-23,231933,67,pxrq4012xmdpp3xk99bz6u1pe,2024-06-20T19:44:16Z,"conscious hip hop,hip hop,rap,west coast rap","Aftermath",0.755,0.884,10,-5.296,0,0.0638,0.0208,0.00000297,0.248,0.897,121.927,4
2FDTHlrBguDzQkp7PVj16Q,"Sprinter","Sprinter","Dave,Central Cee",2023-06-01,229133,79,pxrq4012xmdpp3xk99bz6u1pe,2024-06-20T19:44:27Z,"uk hip hop,melodic drill,r&drill","Neighbourhood / Live Yours",0.918,0.681,1,-4.705,1,0.201,0.263,0,0.0615,0.706,139.057,4
4yLyVdEqV790aIXyGif85v,"red sky","american dream","21 Savage,Tommy Newport,Mikky Ekko",2024-01-12,176835,63,pxrq4012xmdpp3xk99bz6u1pe,2024-06-20T19:44:48Z,"atl hip hop,hip hop,rap,kansas indie,nashville indie","Slaughter Gang, LLC/Epic Records",0.474,0.621,7,-8.253,0,0.103,0.187,0,0.16,0.396,114.314,4
5GKwq4sO5ZHKuWaDmdwMQc,"Bad Boy","The Perfect Red Velvet - The 2nd Album Repackage","Red Velvet",2018-01-29,210817,65,pxrq4012xmdpp3xk99bz6u1pe,2024-06-20T19:44:53Z,"k-pop,k-pop girl group","SM Entertainment",0.714,0.736,2,-3.801,1,0.0457,0.191,0,0.0553,0.814,149.985,4
0lYBSQXN6rCTvUZvg9S0lU,"Let Me Love You","Encore","DJ Snake,Justin Bieber",2016-08-05,205946,83,pxrq4012xmdpp3xk99bz6u1pe,2024-06-20T19:45:06Z,"dance pop,edm,electronic trap,pop,pop dance,canadian pop","DJ Snake Def Jam",0.475,0.715,8,-5.371,1,0.058,0.0863,0.0000267,0.135,0.159,199.892,4
7FbrGaHYVDmfr7KoLIZnQ7,"Cupid - Twin Ver.","The Beginning: Cupid","FIFTY FIFTY",2023-02-24,174253,32,pxrq4012xmdpp3xk99bz6u1pe,2024-06-20T19:45:10Z,"k-pop girl group","WM Korea",0.783,0.592,11,-8.332,0,0.0331,0.435,0.00000415,0.347,0.726,120.018,4
0VPFT123HKoQ2J6ipeDcI1,"Standing Next to You (USHER Remix)","Standing Next to You (USHER Remix)","Jung Kook,USHER",2023-12-01,214760,67,pxrq4012xmdpp3xk99bz6u1pe,2024-06-20T19:45:18Z,"k-pop,atl hip hop,contemporary r&b,dance pop,pop,r&b,rap,south carolina hip hop,urban contemporary","BIGHIT MUSIC",0.661,0.823,9,-4.329,0,0.127,0.0536,0,0.369,0.761,105.993,4
60VaORSJ5x1D4ZPSc0g2En,"Bambi","Bambi - The 3rd Mini Album","BAEKHYUN",2021-03-30,213053,59,pxrq4012xmdpp3xk99bz6u1pe,2024-06-20T19:45:26Z,"k-pop","SM Entertainment",0.438,0.632,7,-4.447,0,0.0417,0.434,0,0.214,0.386,61.45,4
35mvY5S1H3J2QZyna3TFe0,"positions","Positions","Ariana Grande",2020-10-30,172324,79,pxrq4012xmdpp3xk99bz6u1pe,2024-06-20T19:45:29Z,"pop","Republic Records",0.737,0.802,0,-4.771,1,0.0878,0.468,0,0.0931,0.682,144.015,4
51vRumtqbkNW9wrKfESwfu,"UNFORGIVEN (feat. Nile Rodgers)","UNFORGIVEN","LE SSERAFIM,Nile Rodgers",2023-05-01,182148,69,pxrq4012xmdpp3xk99bz6u1pe,2024-06-20T19:45:40Z,"k-pop girl group,disco","SOURCE MUSIC",0.795,0.875,4,-4.079,0,0.0525,0.111,0.0000894,0.107,0.375,104.008,4
0ReoK9isNvJmI7nV2iJcNR,"Paper Soldier (feat. Joony)","Paper Soldier (feat. Joony)","Brent Faiyaz,Joony,ISO Supremacy",2021-02-08,202106,70,pxrq4012xmdpp3xk99bz6u1pe,2024-06-20T19:45:54Z,"r&b,rap","ISO Supremacy under exclusive license to UnitedMasters LLC",0.687,0.598,5,-9.184,0,0.056,0.163,0.00952,0.248,0.489,151.027,4
156LzfvMNKuXuiot4uzhGD,"No Complaints (feat. Offset & Drake) (Bonus)","NOT ALL HEROES WEAR CAPES (Deluxe)","Metro Boomin,Offset,Drake",2018-11-06,265480,63,pxrq4012xmdpp3xk99bz6u1pe,2024-06-20T19:46:06Z,"rap,atl hip hop,hip hop,pop rap,trap,canadian hip hop,canadian pop","Republic Records",0.913,0.571,2,-8.82,1,0.166,0.0709,0.00237,0.0599,0.203,123.966,4
7HLmj4xIlHt3lIQ6EB87nT,"Closed Doors","A Love Letter To You 5","Trippie Redd,Roddy Ricch",2023-08-11,168880,43,pxrq4012xmdpp3xk99bz6u1pe,2024-06-20T19:46:19Z,"melodic rap,rap,trap","1400 Entertainment, Inc. / 10K Projects",0.619,0.539,6,-6.404,0,0.262,0.386,0,0.163,0.561,78.051,3
0KoiMHhqKLoL4xM54rcWYY,"Taki Taki (feat. Selena Gomez, Ozuna & Cardi B)","Carte Blanche","DJ Snake,Selena Gomez,Ozuna,Cardi B",2019-07-25,212500,71,pxrq4012xmdpp3xk99bz6u1pe,2024-06-20T19:46:28Z,"dance pop,edm,electronic trap,pop,pop dance,post-teen pop,puerto rican pop,reggaeton,trap latino,urbano latino,rap","DJ Snake Music Productions Limited",0.843,0.802,1,-4.167,0,0.228,0.158,0.000005,0.0642,0.618,95.881,4
5fmTiyocDfiXbUZ4SpdXRm,"Live This Wild","Certified Hitmaker","Lil Mosey",2019-11-08,122853,51,pxrq4012xmdpp3xk99bz6u1pe,2024-06-20T19:46:37Z,"melodic rap,rap conscient","Mogul Vision/Interscope Records",0.697,0.685,7,-7.005,1,0.0712,0.14,0,0.0824,0.808,94.06,4
4CljUDO1I5hpKjwSNK6RWY,"Water - Remix","Water (Remix)","Tyla,Travis Scott",2023-11-17,200255,56,pxrq4012xmdpp3xk99bz6u1pe,2024-06-20T19:46:43Z,"rap,slap house","FAX Records/Epic",0.739,0.749,6,-3.318,1,0.0746,0.12,0,0.149,0.505,117.03,4
4FIk3t81hjVgiZCA5hLtP0,"Woah Woah (feat. Young Thug & Gunna)","Perfect Ten","Mustard,Young Thug,Gunna",2019-06-28,231942,44,pxrq4012xmdpp3xk99bz6u1pe,2024-06-20T19:47:09Z,"cali rap,pop rap,rap,southern hip hop,trap,atl hip hop,atl trap,gangster rap,hip hop,melodic rap","10 Summers Records/Interscope Records",0.775,0.486,6,-7.12,0,0.0514,0.354,0,0.126,0.204,91.989,4
2Gk6fi0dqt91NKvlzGsmm7,"SAY MY GRACE (feat. Travis Scott)","SET IT OFF","Offset,Travis Scott",2023-10-13,173253,70,pxrq4012xmdpp3xk99bz6u1pe,2024-06-20T19:47:20Z,"atl hip hop,hip hop,pop rap,rap,trap,slap house","Motown Records",0.772,0.631,10,-5.082,1,0.0431,0.0648,0,0.129,0.433,121.854,4
17IBDpAl3J39swaoPlfGpp,"Another Late Night (feat. Lil Yachty)","For All The Dogs","Drake,Lil Yachty",2023-10-06,170414,62,pxrq4012xmdpp3xk99bz6u1pe,2024-06-20T19:47:25Z,"canadian hip hop,canadian pop,hip hop,pop rap,rap,atl hip hop,melodic rap,trap","OVO/Republic",0.702,0.71,5,-5.003,0,0.0459,0.0144,0,0.144,0.282,158.129,4
2LskIZrCeLxRvCiGP8gxlh,"Arms Around You (feat. Maluma & Swae Lee)","Arms Around You (feat. Maluma & Swae Lee)","XXXTENTACION,Lil Pump,Swae Lee,Maluma",2018-10-25,198902,66,pxrq4012xmdpp3xk99bz6u1pe,2024-06-20T19:47:36Z,"emo rap,miami hip hop,rap,pop rap,trap,melodic rap,latin pop,reggaeton,reggaeton colombiano,trap latino,urbano latino","Warner Records",0.703,0.723,9,-5.45,0,0.0412,0.0302,0.00000206,0.126,0.288,104.969,4
3sgf2a905hjZ81tXYytY6i,"This Side of Paradise","Color","Coyote Theory",2011-06-21,242013,0,pxrq4012xmdpp3xk99bz6u1pe,2024-06-20T19:47:43Z,"pov: indie","Coyote Theory",0.278,0.662,9,-6.075,1,0.0295,0.386,0.0000114,0.134,0.274,181.683,3
3kfhS2L56Wj8fBcu7xE47H,"Turks & Caicos (feat. 21 Savage)","Nostalgia","Rod Wave,21 Savage",2023-09-15,203345,69,pxrq4012xmdpp3xk99bz6u1pe,2024-06-20T19:47:45Z,"florida rap,atl hip hop,hip hop,rap","Alamo",0.541,0.659,0,-7.539,1,0.154,0.0794,0,0.197,0.301,102.417,5
4CIyxiObT9G35HrSItAblR,"HVN ON EARTH (with Kodak Black)","TEC","Lil Tecca,Kodak Black",2023-09-22,188870,66,pxrq4012xmdpp3xk99bz6u1pe,2024-06-20T19:47:51Z,"melodic rap,pluggnb,rap,florida drill,florida rap,miami hip hop,trap,trap latino","Galactic Records/Lil Tecca",0.727,0.637,8,-5.185,1,0.0779,0.0684,0.000294,0.131,0.215,131.997,3
4iZ4pt7kvcaH6Yo8UoZ4s2,"Snooze","SOS","SZA",2022-12-09,201800,87,pxrq4012xmdpp3xk99bz6u1pe,2024-06-21T02:54:27Z,"pop,r&b,rap","Top Dawg Entertainment/RCA Records",0.559,0.551,5,-7.231,1,0.132,0.141,0,0.11,0.392,143.008,4
6mtjo5kIHKlboGE84lf1FJ,"Need It","Need It","Migos,YoungBoy Never Broke Again",2020-05-22,195680,63,pxrq4012xmdpp3xk99bz6u1pe,2024-06-21T02:54:35Z,"atl hip hop,hip hop,pop rap,rap,southern hip hop,trap,baton rouge rap","Quality Control Music/Motown Records",0.852,0.745,11,-3.667,0,0.171,0.0313,0,0.0824,0.897,148.007,4
3UEnF6y5tyHVtMzldS3svp,"Everything Black","Everything Black","Unlike Pluto,Mike Taylor",2017-03-10,228979,67,pxrq4012xmdpp3xk99bz6u1pe,2024-06-21T02:54:40Z,"la pop","Monstercat",0.62,0.864,5,-4.334,0,0.114,0.0323,0,0.117,0.395,98.059,4
5a7NdkF09AfD0H607eiOkX,"On My Mind","Delirium (Deluxe)","Ellie Goulding",2015-11-06,213445,64,pxrq4012xmdpp3xk99bz6u1pe,2024-06-21T02:54:48Z,"indietronica,metropopolis,pop,uk pop","Polydor Records",0.702,0.705,0,-6.666,1,0.0543,0.258,0.00000593,0.0879,0.743,154.911,4
3s4U7OHV7gnj42VV72eSZ6,"Rather Be (feat. Jess Glynne)","Rather Be (feat. Jess Glynne)","Clean Bandit,Jess Glynne",2014-01-17,227833,71,pxrq4012xmdpp3xk99bz6u1pe,2024-06-21T02:54:52Z,"pop,uk dance,uk funky,dance pop,uk pop","Atlantic Records",0.799,0.586,11,-6.735,1,0.0377,0.162,0.00000203,0.193,0.549,120.97,4
52ojopYMUzeNcudsoz7O9D,"New Person, Same Old Mistakes","Currents","Tame Impala",2015-07-17,363240,76,pxrq4012xmdpp3xk99bz6u1pe,2024-06-21T02:55:19Z,"australian psych,modern rock,neo-psychedelic,rock","Universal Music Australia Pty. Ltd.",0.47,0.809,8,-6.74,1,0.0495,0.272,0.00671,0.0491,0.49,151.836,4
2d7skuHfmB45wv4KyC2v13,"Closed Doors (feat. Roddy Ricch)","A Love Letter To You 5","Trippie Redd,Roddy Ricch",2023-08-11,168880,0,pxrq4012xmdpp3xk99bz6u1pe,2024-06-21T02:55:44Z,"melodic rap,rap,trap","1400 Entertainment, Inc. / 10K Projects",0.619,0.539,6,-6.404,0,0.262,0.386,0,0.163,0.561,78.051,3
3uuJpwoFk6R9qnVtWizZga,"A Feeling (feat. Skye Morales)","A Love Letter To You 5","Trippie Redd,Skye Morales",2023-08-11,167573,0,pxrq4012xmdpp3xk99bz6u1pe,2024-06-21T02:55:49Z,"melodic rap,rap,trap","1400 Entertainment, Inc. / 10K Projects",0.661,0.806,8,-7.198,1,0.0876,0.379,0,0.139,0.708,86.08,4
2JqONz7Hm7k6D8CDvZaFV8,"Thinking Bout You","A Love Letter To You 5","Trippie Redd",2023-08-11,166533,0,pxrq4012xmdpp3xk99bz6u1pe,2024-06-21T02:55:53Z,"melodic rap,rap,trap","1400 Entertainment, Inc. / 10K Projects",0.768,0.482,8,-5.573,0,0.126,0.353,0,0.0988,0.393,74.997,4
5WbfFTuIldjL9x7W6y5l7R,"Kingston","Atlanta Millionaires Club","Faye Webster",2019-05-24,202653,76,pxrq4012xmdpp3xk99bz6u1pe,2024-06-21T02:55:56Z,"atlanta indie,indie pop","Secretly Canadian",0.73,0.355,10,-9.13,0,0.0359,0.154,0.00155,0.117,0.56,142.143,4
2G7V7zsVDxg1yRsu7Ew9RJ,"In My Feelings","Scorpion","Drake",2018-06-29,217925,71,pxrq4012xmdpp3xk99bz6u1pe,2024-06-21T02:55:59Z,"canadian hip hop,canadian pop,hip hop,pop rap,rap","Cash Money/Drake LP6",0.835,0.626,1,-5.833,1,0.125,0.0589,0.00006,0.396,0.35,91.03,4
1DhRbox3xkceP64k3JeYfW,"Antisocial (with Travis Scott)","No.6 Collaborations Project","Ed Sheeran,Travis Scott",2019-07-12,161746,59,pxrq4012xmdpp3xk99bz6u1pe,2024-06-21T02:56:06Z,"pop,singer-songwriter pop,uk pop,rap,slap house","Atlantic Records UK",0.716,0.823,5,-5.313,0,0.0495,0.132,0,0.361,0.91,151.957,4
0y1QJc3SJVPKJ1OvFmFqe6,"Way down We Go","A/B","KALEO",2016-06-10,213706,81,pxrq4012xmdpp3xk99bz6u1pe,2024-06-21T02:56:24Z,"icelandic indie,icelandic rock,modern alternative rock","Elektra (NEK)",0.489,0.505,10,-8.022,0,0.117,0.579,0.000333,0.104,0.337,163.255,4
5s14v7sHVghrPTS2CLgzI1,"Real Life (feat. Roddy Ricch & Mustard)","Featuring Ty Dolla $ign","Ty Dolla $ign,Mustard,Roddy Ricch",2020-10-23,165698,34,pxrq4012xmdpp3xk99bz6u1pe,2024-06-21T02:56:38Z,"hip hop,pop rap,r&b,southern hip hop,trap,trap soul,cali rap,rap,melodic rap","Atlantic Records",0.733,0.633,1,-6.055,0,0.0919,0.0687,0,0.149,0.32,97.078,4
1F5sksjSFIBroQp7g2P7do,"Alica","The Reload","Norhye",2020-11-30,222172,0,pxrq4012xmdpp3xk99bz6u1pe,2024-06-21T02:56:41Z,"","Norhye",0.467,0.0689,7,-23.212,1,0.0384,0.923,0,0.434,0.415,105.374,3
1Ukxccao1BlWrPhYkcXbwZ,"From The Start","From The Start","Laufey",2023-05-11,169573,74,pxrq4012xmdpp3xk99bz6u1pe,2024-06-21T02:56:46Z,"gen z singer-songwriter","Laufey",0.664,0.405,1,-7.413,1,0.08,0.877,0.000765,0.11,0.743,81.89,3
4o82J5zr4DFEs9yj5szCVX,"K-POP (feat. Bad Bunny & The Weeknd)","UTOPIA","Travis Scott,Bad Bunny,The Weeknd",2023-07-28,185220,61,pxrq4012xmdpp3xk99bz6u1pe,2024-06-21T02:57:21Z,"rap,slap house,reggaeton,trap latino,urbano latino,canadian contemporary r&b,canadian pop,pop","Cactus Jack/Epic",0.813,0.621,5,-5.614,0,0.0618,0.0405,0.00000274,0.67,0.545,121.057,4
67nepsnrcZkowTxMWigSbb,"MELTDOWN (feat. Drake)","UTOPIA","Travis Scott,Drake",2023-07-28,246133,74,pxrq4012xmdpp3xk99bz6u1pe,2024-06-21T02:57:33Z,"rap,slap house,canadian hip hop,canadian pop,hip hop,pop rap","Cactus Jack/Epic",0.557,0.774,7,-5.275,0,0.351,0.012,0,0.396,0.397,111.975,4
6tDDoYIxWvMLTdKpjFkc1B,"telepatía","Sin Miedo (del Amor y Otros Demonios) ∞","Kali Uchis",2020-12-04,160191,81,pxrq4012xmdpp3xk99bz6u1pe,2024-06-21T02:57:36Z,"colombian pop","EMI / Interscope",0.653,0.524,11,-9.016,0,0.0502,0.112,0,0.203,0.553,83.97,4
0B1xarnfKvUFWUoFdQnooq,"RIOT (Rowdy Pipe'n)","RIOT (Rowdy Pipe'n)","A$AP Rocky,Pharrell Williams",2023-07-20,189011,56,pxrq4012xmdpp3xk99bz6u1pe,2024-06-21T02:57:47Z,"east coast hip hop,hip hop,rap,dance pop,pop","A$AP Worldwide/RCA Records",0.744,0.883,5,-2.517,0,0.143,0.41,0,0.0722,0.871,120.082,4
2Yt4SXIgmoaPZHGdRafp4P,"Umbrella (with 21 Savage & Young Nudy)","HEROES & VILLAINS","Metro Boomin,21 Savage,Young Nudy",2022-12-02,222000,66,pxrq4012xmdpp3xk99bz6u1pe,2024-06-21T02:57:52Z,"rap,atl hip hop,hip hop,pluggnb,southern hip hop,trap","Republic Records",0.82,0.786,11,-3.683,0,0.171,0.0737,0.000313,0.359,0.386,110.985,4
6NdnvPwQvZb147DVa4x14h,"Heartbroken (feat. Jessie Murph & Polo G)","Heartbroken (feat. Jessie Murph & Polo G)","Diplo,Jessie Murph,Polo G",2023-07-21,204325,62,pxrq4012xmdpp3xk99bz6u1pe,2024-06-21T02:57:56Z,"dance pop,edm,electro house,moombahton,pop dance,modern country pop,singer-songwriter pop,chicago rap,rap","Columbia",0.67,0.589,2,-5.693,1,0.0873,0.379,0,0.0942,0.628,146.978,4
3FAJ6O0NOHQV8Mc5Ri6ENp,"Heartbreak Anniversary","TAKE TIME","Giveon",2020-03-27,198370,79,pxrq4012xmdpp3xk99bz6u1pe,2024-06-21T04:04:26Z,"r&b","Epic/Not So Fast",0.449,0.465,0,-8.964,1,0.0791,0.524,0.00000102,0.303,0.543,89.087,3
2qSkIjg1o9h3YT9RAgYN75,"Espresso","Espresso","Sabrina Carpenter",2024-04-12,175459,88,pxrq4012xmdpp3xk99bz6u1pe,2024-06-21T05:05:25Z,"pop","Island Records",0.701,0.76,0,-5.478,1,0.0285,0.107,0.0000654,0.185,0.69,103.969,4
5Ryu0SlsYjKh78RkJUONFr,"Flex Up (feat. Future & Playboi Carti)","Lil Boat 3.5","Lil Yachty,Future,Playboi Carti",2020-11-27,170858,72,pxrq4012xmdpp3xk99bz6u1pe,2024-06-30T03:49:34Z,"atl hip hop,melodic rap,rap,trap,hip hop,southern hip hop,plugg,pluggnb,rage rap","Quality Control Music/Motown Records",0.829,0.667,9,-5.366,1,0.166,0.000523,0.000521,0.048,0.545,160.082,4
6qUabsNxudatEFedWGHoDh,"FRANCHISE (feat. Future, Young Thug & M.I.A.) - REMIX","FRANCHISE (feat. Future, Young Thug & M.I.A.) [REMIX]","Travis Scott,Future,Young Thug,M.I.A.",2020-10-07,207394,58,pxrq4012xmdpp3xk99bz6u1pe,2024-06-30T03:52:38Z,"rap,slap house,atl hip hop,hip hop,southern hip hop,trap,atl trap,gangster rap,melodic rap,escape room,indietronica,new rave","Cactus Jack / Epic",0.859,0.77,8,-5.358,0,0.345,0.0056,0,0.0731,0.348,155.025,4
5eqK0tbzUPo2SoeZsov04s,"Bank Account","Issa Album","21 Savage",2017-07-06,220306,72,pxrq4012xmdpp3xk99bz6u1pe,2024-07-26T18:07:42Z,"atl hip hop,hip hop,rap","Slaughter Gang, LLC/Epic Records",0.884,0.347,8,-8.227,0,0.35,0.015,0.000007,0.0871,0.376,75.016,4
0oiv4E896TUTTeQU0cmIui,"Massive","Honestly, Nevermind","Drake",2022-06-16,336924,61,pxrq4012xmdpp3xk99bz6u1pe,2024-08-04T06:26:33Z,"canadian hip hop,canadian pop,hip hop,pop rap,rap","OVO",0.499,0.671,4,-6.774,0,0.0561,0.114,0.0169,0.148,0.0557,124.994,3
7CmNyEQUpNSX6RMM5Fw3os,"DOORS UNLOCKED (feat. Ty Dolla $ign & Polo G)","DOORS UNLOCKED (feat. Ty Dolla $ign & Polo G)","Murda Beatz,Polo G,Ty Dolla $ign",2020-07-31,171888,43,pxrq4012xmdpp3xk99bz6u1pe,2024-08-05T07:31:10Z,"canadian hip hop,canadian trap,chicago rap,rap,hip hop,pop rap,r&b,southern hip hop,trap,trap soul","Murda Beatz Recordings/Interscope Records",0.689,0.393,0,-9.179,0,0.0876,0.209,0,0.122,0.513,158.016,4
5bgwqaRSS3M8WHWruHgSL5,"8TEEN","American Teen","Khalid",2017-04-27,228600,70,pxrq4012xmdpp3xk99bz6u1pe,2024-08-06T01:37:46Z,"pop,pop r&b","Right Hand Music Group, LLC/RCA Records",0.83,0.585,1,-5.802,1,0.0366,0.225,0.00209,0.0576,0.642,105.03,4
6U0FIYXCQ3TGrk4tFpLrEA,"SUGAR","GINGER","BROCKHAMPTON",2019-08-23,204533,67,pxrq4012xmdpp3xk99bz6u1pe,2024-08-06T20:11:47Z,"boy band,rap","Question Everything/RCA Records",0.453,0.538,1,-8.212,1,0.0638,0.449,0,0.19,0.516,122.973,4
2hrycoFU1mZw6YPvMcn8yC,"KEHLANI","KEHLANI","Jordan Adetunji",2024-06-24,122360,84,pxrq4012xmdpp3xk99bz6u1pe,2024-08-17T22:29:49Z,"irish hip hop","300 Entertainment",0.645,0.634,10,-3.769,0,0.0341,0.158,0.00000378,0.0908,0.352,160.017,4
0DowsITFvHqUqg96WQR3s5,"Famous","Beach House 3","Ty Dolla $ign",2017-10-27,200986,34,pxrq4012xmdpp3xk99bz6u1pe,2024-08-17T22:29:56Z,"hip hop,pop rap,r&b,southern hip hop,trap,trap soul","Atlantic Records",0.562,0.298,6,-9.523,1,0.0862,0.686,0,0.388,0.577,77.903,3
5IgjP7X4th6nMNDh4akUHb,"Under The Influence","Indigo (Extended)","Chris Brown",2019-10-04,184613,83,pxrq4012xmdpp3xk99bz6u1pe,2024-08-17T22:30:01Z,"r&b,rap","Chris Brown Entertainment/RCA Records",0.755,0.562,9,-8.947,0,0.0355,0.0186,0.000231,0.18,0.368,116.931,4
4sFnOjqO3s7Iphbg2MPKDd,"HOT UPTOWN (feat. Drake)","C,XOXO","Camila Cabello,Drake",2024-06-28,150746,59,pxrq4012xmdpp3xk99bz6u1pe,2024-08-17T22:30:07Z,"dance pop,pop,canadian hip hop,canadian pop,hip hop,pop rap,rap","Geffen/Interscope Records",0.765,0.741,5,-7.361,0,0.274,0.338,0.0000887,0.132,0.68,128.044,4
5dAU3jSjRFajveEVbQPpkN,"Abandoned (feat. Mariah The Scientist)","A Love Letter To You 4","Trippie Redd,Mariah the Scientist",2019-11-22,240048,46,pxrq4012xmdpp3xk99bz6u1pe,2024-08-17T22:30:58Z,"melodic rap,rap,trap,alternative r&b","TenThousand Projects, LLC",0.546,0.147,9,-8.714,1,0.0603,0.927,0,0.109,0.423,86.278,5
1Faq8G2y56A8fRv7HsLq25,"Wanted You (feat. Lil Uzi Vert)","RECKLESS","NAV,Lil Uzi Vert",2018-05-18,228386,57,pxrq4012xmdpp3xk99bz6u1pe,2024-08-29T16:54:08Z,"canadian hip hop,canadian trap,melodic rap,rap,trap,hip hop,philly rap,rage rap","Republic Records",0.797,0.732,9,-4.443,0,0.0483,0.234,0,0.224,0.628,146.924,4
5IY8i6WnkqvmRnIrF4lqDx,"Taxi Blurr (Feat. NATTY of KISS OF LIFE)","Jay Park Season 2","Jay Park,NATTY",2024-05-28,230499,52,pxrq4012xmdpp3xk99bz6u1pe,2024-09-03T03:53:24Z,"k-pop,k-rap,korean r&b","MORE VISION",0.612,0.574,6,-7.477,1,0.0548,0.0776,0.000238,0.0907,0.565,143.864,4
6wBpO4Xc4YgShnENGSFA1M,"Sour Grapes","FEARLESS","LE SSERAFIM",2022-05-02,196540,68,pxrq4012xmdpp3xk99bz6u1pe,2024-09-03T03:53:31Z,"k-pop girl group","SOURCE MUSIC",0.779,0.801,6,-5.564,0,0.0457,0.395,0,0.108,0.72,139.998,4
1x5sYLZiu9r5E43kMlt9f8,"Symphony (feat. Zara Larsson)","Symphony (feat. Zara Larsson)","Clean Bandit,Zara Larsson",2017-03-16,212459,73,pxrq4012xmdpp3xk99bz6u1pe,2024-09-04T21:50:15Z,"pop,uk dance,uk funky,scandipop,swedish electropop,swedish pop","Atlantic Records UK",0.707,0.629,0,-4.581,0,0.0563,0.259,0.000016,0.138,0.457,122.863,4
6pLYWcPnBdFJShuUARDIwj,"Magic (Feat. JULIE of KISS OF LIFE)","NA","NAYEON,JULIE",2024-06-14,206613,56,pxrq4012xmdpp3xk99bz6u1pe,2024-09-06T04:22:03Z,"k-pop","Republic Records – NAYEON (TWICE)",0.776,0.811,11,-3.974,0,0.154,0.196,0,0.278,0.896,113.011,4
60bAuEmJQfzeDV1B84H4xY,"WESTSIDE","GABRIEL","keshi",2022-03-25,184110,59,pxrq4012xmdpp3xk99bz6u1pe,2024-09-08T16:57:34Z,"chill r&b","Island Records",0.562,0.47,2,-10.722,1,0.0717,0.455,0,0.113,0.271,159.728,4
4pV3f1Nn5XtyA9x60rFan7,"May I Ask","May I Ask","Luke Chiang,Alexis Kim",2019-04-01,230547,0,pxrq4012xmdpp3xk99bz6u1pe,2024-09-15T16:25:37Z,"bedroom r&b,chill r&b","Luke Chiang",0.718,0.357,2,-8.843,1,0.0437,0.407,0,0.0897,0.347,146.006,4
1zi7xx7UVEFkmKfv06H8x0,"One Dance","Views","Drake,Wizkid,Kyla",2016-05-06,173986,84,pxrq4012xmdpp3xk99bz6u1pe,2024-10-22T04:38:03Z,"canadian hip hop,canadian pop,hip hop,pop rap,rap,afrobeats,afropop,azonto,nigerian hip hop,nigerian pop,uk funky","Cash Money Records/Young Money Ent./Universal Rec.",0.792,0.625,1,-5.609,1,0.0536,0.00776,0.0018,0.329,0.37,103.967,4
45XhKYRRkyeqoW3teSOkCM,"Wild Thoughts (feat. Rihanna & Bryson Tiller)","Grateful","DJ Khaled,Rihanna,Bryson Tiller",2017-06-22,204664,65,pxrq4012xmdpp3xk99bz6u1pe,2024-11-25T19:14:14Z,"hip hop,miami hip hop,pop rap,rap,barbadian pop,pop,urban contemporary,kentucky hip hop,r&b","Epic/We The Best",0.613,0.681,8,-3.089,1,0.0778,0.0287,0,0.126,0.619,97.621,4
45J4avUb9Ni0bnETYaYFVJ,"luther (with sza)","GNX","Kendrick Lamar,SZA",2024-11-22,177598,91,pxrq4012xmdpp3xk99bz6u1pe,2024-11-25T19:14:20Z,"conscious hip hop,hip hop,rap,west coast rap,pop,r&b","pgLang, under exclusive license to Interscope Records",0.707,0.575,2,-7.546,1,0.125,0.251,0,0.248,0.576,138.008,4
3AoEQRuFf8zVXWqSLo2UOi,"CRAZY","CRAZY","LE SSERAFIM",2024-08-30,164554,77,pxrq4012xmdpp3xk99bz6u1pe,2024-11-25T19:15:21Z,"k-pop girl group","SOURCE MUSIC",0.802,0.899,11,-2.223,0,0.126,0.00953,0.000291,0.101,0.531,130.047,4
2vd8Yzn5rD0VKw4yTB8TPV,"Sincere","Sincere","Khalid",2024-08-02,208893,49,pxrq4012xmdpp3xk99bz6u1pe,2024-11-25T19:15:53Z,"pop,pop r&b","Right Hand Music Group, LLC/RCA Records",0.484,0.584,4,-7.445,0,0.04,0.571,0.000803,0.104,0.048,150.023,3
5WvAo7DNuPRmk4APhdPzi8,"No Brainer","No Brainer","DJ Khaled,Justin Bieber,Quavo,Chance the Rapper",2018-07-27,260000,59,pxrq4012xmdpp3xk99bz6u1pe,2024-11-25T19:16:11Z,"hip hop,miami hip hop,pop rap,rap,canadian pop,pop,atl hip hop,melodic rap,trap,chicago rap,conscious hip hop","Epic/We The Best",0.552,0.76,0,-4.706,1,0.342,0.0733,0,0.0865,0.639,135.702,5
0rTV5WefWd1J3OwIheTzxM,"Talk","Talk","Khalid,Disclosure",2019-02-07,197487,61,pxrq4012xmdpp3xk99bz6u1pe,2024-11-29T18:05:47Z,"pop,pop r&b,edm,house,indietronica,uk dance","Right Hand Music Group, LLC/RCA Records",0.9,0.4,0,-8.443,1,0.124,0.0501,0,0.0876,0.338,136.001,4
3pf5M9sxSecmhjT9gMPwe9,"Like That","Requiem","keshi",2024-09-13,180106,62,pxrq4012xmdpp3xk99bz6u1pe,2024-12-10T22:54:03Z,"chill r&b","Island Records",0.686,0.634,1,-7.692,1,0.0499,0.218,0.00000332,0.0854,0.818,158.051,4
